/*
 Navicat Premium Data Transfer

 Source Server         : 本地数据库
 Source Server Type    : MySQL
 Source Server Version : 50530
 Source Host           : localhost:3306
 Source Schema         : test

 Target Server Type    : MySQL
 Target Server Version : 50530
 File Encoding         : 65001

 Date: 17/10/2019 18:43:42
*/

SET NAMES utf8mb4;
SET FOREIGN_KEY_CHECKS = 0;

-- ----------------------------
-- Table structure for sys_permission
-- ----------------------------
DROP TABLE IF EXISTS `sys_permission`;
CREATE TABLE `sys_permission`  (
  `id` varchar(32) CHARACTER SET utf8 COLLATE utf8_general_ci NOT NULL COMMENT '主键id',
  `parent_id` varchar(32) CHARACTER SET utf8 COLLATE utf8_general_ci NULL DEFAULT NULL COMMENT '父id',
  `name` varchar(100) CHARACTER SET utf8 COLLATE utf8_general_ci NULL DEFAULT NULL COMMENT '菜单标题',
  `url` varchar(255) CHARACTER SET utf8 COLLATE utf8_general_ci NULL DEFAULT NULL COMMENT '路径',
  `menu_type` int(11) NULL DEFAULT NULL COMMENT '菜单类型(0:一级菜单; 1:子菜单:2:按钮权限)',
  `perms` varchar(255) CHARACTER SET utf8 COLLATE utf8_general_ci NULL DEFAULT NULL COMMENT '菜单权限编码',
  `sort_no` int(10) NULL DEFAULT NULL COMMENT '菜单排序',
  `del_flag` int(1) NULL DEFAULT 0 COMMENT '删除状态 0正常 1已删除',
  PRIMARY KEY (`id`) USING BTREE,
  INDEX `index_prem_pid`(`parent_id`) USING BTREE,
  INDEX `index_prem_sort_no`(`sort_no`) USING BTREE,
  INDEX `index_prem_del_flag`(`del_flag`) USING BTREE
) ENGINE = InnoDB CHARACTER SET = utf8 COLLATE = utf8_general_ci COMMENT = '菜单权限表' ROW_FORMAT = Compact;

-- ----------------------------
-- Records of sys_permission
-- ----------------------------
INSERT INTO `sys_permission` VALUES ('1', '0', '新增用户', '/user/add', 2, 'user:add', 1, 0);
INSERT INTO `sys_permission` VALUES ('2', '0', '删除用户', '/user/delete', 2, 'user:delete', 2, 0);
INSERT INTO `sys_permission` VALUES ('3', '0', '修改用户', '/user/update', 2, 'user:update', 3, 0);
INSERT INTO `sys_permission` VALUES ('4', '0', '查询用户', '/user/list', 2, 'user:list', 4, 0);

-- ----------------------------
-- Table structure for sys_role
-- ----------------------------
DROP TABLE IF EXISTS `sys_role`;
CREATE TABLE `sys_role`  (
  `id` int(11) NOT NULL AUTO_INCREMENT COMMENT '主键id',
  `role_name` varchar(100) CHARACTER SET utf8 COLLATE utf8_general_ci NULL DEFAULT NULL COMMENT '角色名称',
  `description` varchar(100) CHARACTER SET utf8 COLLATE utf8_general_ci NULL DEFAULT NULL COMMENT '描述',
  PRIMARY KEY (`id`) USING BTREE
) ENGINE = InnoDB AUTO_INCREMENT = 3 CHARACTER SET = utf8 COLLATE = utf8_general_ci COMMENT = '角色表' ROW_FORMAT = Compact;

-- ----------------------------
-- Records of sys_role
-- ----------------------------
INSERT INTO `sys_role` VALUES (1, 'admin', '管理角色');
INSERT INTO `sys_role` VALUES (2, 'test', '测试角色');

-- ----------------------------
-- Table structure for sys_role_permission
-- ----------------------------
DROP TABLE IF EXISTS `sys_role_permission`;
CREATE TABLE `sys_role_permission`  (
  `id` int(11) NOT NULL AUTO_INCREMENT,
  `role_id` int(11) NULL DEFAULT NULL COMMENT '角色id',
  `permission_id` int(11) NULL DEFAULT NULL COMMENT '权限id',
  PRIMARY KEY (`id`) USING BTREE,
  INDEX `index_group_role_per_id`(`role_id`, `permission_id`) USING BTREE,
  INDEX `index_group_role_id`(`role_id`) USING BTREE,
  INDEX `index_group_per_id`(`permission_id`) USING BTREE
) ENGINE = InnoDB AUTO_INCREMENT = 6 CHARACTER SET = utf8 COLLATE = utf8_general_ci COMMENT = '角色权限表' ROW_FORMAT = Compact;

-- ----------------------------
-- Records of sys_role_permission
-- ----------------------------
INSERT INTO `sys_role_permission` VALUES (1, 1, 1);
INSERT INTO `sys_role_permission` VALUES (2, 1, 2);
INSERT INTO `sys_role_permission` VALUES (3, 1, 3);
INSERT INTO `sys_role_permission` VALUES (4, 1, 4);
INSERT INTO `sys_role_permission` VALUES (5, 2, 4);

-- ----------------------------
-- Table structure for sys_user
-- ----------------------------
DROP TABLE IF EXISTS `sys_user`;
CREATE TABLE `sys_user`  (
  `id` int(11) NOT NULL AUTO_INCREMENT COMMENT '主键id',
  `user_name` varchar(100) CHARACTER SET utf8 COLLATE utf8_general_ci NULL DEFAULT NULL COMMENT '登录账号',
  `real_name` varchar(100) CHARACTER SET utf8 COLLATE utf8_general_ci NULL DEFAULT NULL COMMENT '真实姓名',
  `pass_word` varchar(100) CHARACTER SET utf8 COLLATE utf8_general_ci NULL DEFAULT NULL COMMENT '密码',
  `salt` varchar(100) CHARACTER SET utf8 COLLATE utf8_general_ci NULL DEFAULT NULL COMMENT 'md5密码盐',
  `del_flag` tinyint(1) NULL DEFAULT NULL COMMENT '删除状态(0-正常,1-已删除)',
  PRIMARY KEY (`id`) USING BTREE,
  UNIQUE INDEX `index_user_name`(`user_name`) USING BTREE,
  INDEX `index_user_del_flag`(`del_flag`) USING BTREE
) ENGINE = InnoDB AUTO_INCREMENT = 3 CHARACTER SET = utf8 COLLATE = utf8_general_ci COMMENT = '用户表' ROW_FORMAT = Compact;

-- ----------------------------
-- Records of sys_user
-- ----------------------------
INSERT INTO `sys_user` VALUES (1, 'admin', '超级管理员', 'cb362cfeefbf3d8d', 'RCGTeGiH', 0);
INSERT INTO `sys_user` VALUES (2, 'test', '测试用户', '471439d316637955', '5FMD48RM', 0);

-- ----------------------------
-- Table structure for sys_user_role
-- ----------------------------
DROP TABLE IF EXISTS `sys_user_role`;
CREATE TABLE `sys_user_role`  (
  `id` int(11) NOT NULL AUTO_INCREMENT COMMENT '主键id',
  `user_id` int(11) NULL DEFAULT NULL COMMENT '用户id',
  `role_id` int(11) NULL DEFAULT NULL COMMENT '角色id',
  PRIMARY KEY (`id`) USING BTREE,
  INDEX `index2_groupuu_user_id`(`user_id`) USING BTREE,
  INDEX `index2_groupuu_ole_id`(`role_id`) USING BTREE,
  INDEX `index2_groupuu_useridandroleid`(`user_id`, `role_id`) USING BTREE
) ENGINE = InnoDB AUTO_INCREMENT = 3 CHARACTER SET = utf8 COLLATE = utf8_general_ci COMMENT = '用户角色表' ROW_FORMAT = Compact;

-- ----------------------------
-- Records of sys_user_role
-- ----------------------------
INSERT INTO `sys_user_role` VALUES (1, 1, 1);
INSERT INTO `sys_user_role` VALUES (2, 2, 2);

SET FOREIGN_KEY_CHECKS = 1;
